Name,Age
James,19
Mary,38
John,20
Patricia,32
Robert,47
Jennifer,34
Michael,14
Linda,36
William,29
Elizabeth,41
David,66
Barbara,39
Richard,78
Susan,55
Joseph,17
Jessica,80
Thomas,67
Sarah,23
Charles,57
Karen,28
Christopher,54
Nancy,80
Daniel,40
Margaret,25
Matthew,39
Lisa,15
Anthony,15
Betty,50
Donald,53
Dorothy,60
Mark,51
Sandra,62
Paul,46
Ashley,70
Steven,51
Kimberly,76
Andrew,26
Donna,37
Kenneth,13
Emily,28
Joshua,20
Michelle,29
George,60
Carol,10
Kevin,13
Amanda,66
Brian,46
Melissa,75
Edward,11
Deborah,74
Ronald,21
Stephanie,56
Timothy,70
Rebecca,67
Jason,20
Laura,32
Jeffrey,38
Sharon,23
Ryan,47
Cynthia,72
Jacob,56
Kathleen,52
Gary,74
Helen,18
Nicholas,58
Amy,19
Eric,38
Shirley,71
Stephen,10
Angela,21
Jonathan,71
Anna,67
Larry,76
Brenda,57
Justin,12
Pamela,32
Scott,67
Nicole,52
Brandon,18
Ruth,64
Frank,55
Katherine,46
Benjamin,45
Samantha,76
Gregory,78
Christine,14
Samuel,42
Emma,67
Raymond,78
Catherine,49
Patrick,13
Debra,38
Alexander,17
Virginia,51
Jack,69
Rachel,13
Dennis,10
Carolyn,32
Jerry,71
Janet,73
Tyler,66
Maria,26
Aaron,74
Heather,31
Jose,49
Diane,53
Henry,48
Julie,60
Douglas,62
Joyce,24
Adam,64
Victoria,35
Peter,53
Kelly,16
Nathan,11
Christina,51
Zachary,45
Joan,61
Walter,36
Evelyn,20
Kyle,61
Lauren,65
Harold,23
Judith,31
Carl,40
Olivia,47
Jeremy,52
Frances,53
Keith,78
Martha,15
Roger,56
Cheryl,26
Gerald,43
Megan,10
Ethan,24
Andrea,24
Arthur,54
Hannah,56
Terry,80
Jacqueline,72
Christian,45
Ann,38
Sean,40
Jean,35
Lawrence,38
Alice,35
Austin,76
Kathryn,11
Joe,50
Gloria,68
Noah,30
Teresa,78
Jesse,71
Doris,21
Albert,40
Sara,59
Bryan,45
Janice,19
Billy,13
Julia,19
Bruce,80
Marie,40
Willie,52
Madison,11
Jordan,13
Grace,51
Dylan,63
Judy,32
Alan,46
Theresa,48
Ralph,35
Beverly,18
Gabriel,32
Denise,73
Roy,63
Marilyn,41
Juan,41
Amber,11
Wayne,61
Danielle,33
Eugene,11
Abigail,16
Logan,47
Brittany,65
Randy,16
Rose,17
Louis,12
Diana,23
Russell,24
Natalie,59
Vincent,32
Sophia,56
Philip,59
Alexis,26
Bobby,33
Lori,39
Johnny,51
Kayla,63
Bradley,61
Jane,15
